"Energy commodities","Periods","Energy supply Total Primary Energy Supply (TPES) (PJ)","Indigenous production (PJ)","Imports (PJ)","Exports (PJ)","Net imports (PJ)","Bunkers (PJ)","Stock change (PJ)","Statistical differences (PJ)","Total energy consumption (PJ)","Energy transformation Net energy transformation
Total net energy transformation (PJ)","Net energy transformation Net electricity/CHP transformation (PJ)","Net energy transformation Net other transformation (PJ)","Own use Total (PJ)","Distribution losses (PJ)","Final consumption Total final consumption (PJ)","Final consumption Final energy consumption
Total (PJ)","Final energy consumption Industry (excluding the energy sector)
Total (PJ)","Transport Total (PJ)","Other sectors Total (PJ)","Non-energy use Total (PJ)"
"Total energy commodities","2022**","2,714.5","1,034.4","10,383.3","7,674.3","2,709.0","666.0","-362.9","-17.3","2,731.8","454.2","314.1","140.1","193.6","25.9","2,058.1","1,626.5","499.3","382.4","744.8","431.6"
"Total coal and coal products","2022**","231.3","","240.5","4.5","235.9","","-4.6","0.0","231.3","199.7","145.8","53.9","15.4","","16.2","15.0","14.7","","0.3","1.3"
"Total crude and petroleum products","2022**","1,055.5","51.4","8,125.1","6,308.3","1,816.7","663.0","-149.7","0.0","1,055.5","61.0","22.5","38.5","101.3","","893.2","531.0","124.6","368.0","38.4","362.2"
"Natural gas","2022**","977.0","535.2","1,872.4","1,234.7","637.6","3.1","-192.8","-16.9","993.9","398.4","392.6","5.8","27.4","","568.1","499.9","146.2","2.6","351.1","68.2"
"Renewable energy","2022**","376.4","362.1","73.8","43.7","30.1","","-15.8","0.2","376.2","319.8","259.5","60.4","","","56.4","56.4","3.9","","52.4",""
"Electricity","2022**","-15.4","","66.8","82.1","-15.4","","","-0.6","-14.7","-437.8","-437.8","","31.6","17.3","374.2","374.2","122.4","11.9","240.0",""
"Heat","2022**","","","","","","","","","","-176.4","-145.5","-31.0","17.8","8.6","150.0","150.0","87.3","","62.7",""
"Total other energy commodities","2022**","89.6","85.7","4.8","0.9","4.0","","","","89.6","89.6","77.0","12.6","","","0.1","0.1","0.1","","",""
"Source: CBS."