﻿"LOCATION","INDICATOR","SUBJECT","MEASURE","FREQUENCY","TIME","Value","Flag Codes"
"AUS","HEALTHEXP","TOT","USD_CAP","A","2018",5190.886,
"AUS","HEALTHEXP","TOT","USD_CAP","A","2019",5126.653,
"AUS","HEALTHEXP","TOT","USD_CAP","A","2020",5692.402,
"AUS","HEALTHEXP","TOT","USD_CAP","A","2021",6225.535,"E"
"AUS","HEALTHEXP","TOT","USD_CAP","A","2022",6596.466,"E"
"AUT","HEALTHEXP","TOT","USD_CAP","A","2018",5518.538,
"AUT","HEALTHEXP","TOT","USD_CAP","A","2019",5625.442,
"AUT","HEALTHEXP","TOT","USD_CAP","A","2020",5863.664,
"AUT","HEALTHEXP","TOT","USD_CAP","A","2021",6690.093,
"AUT","HEALTHEXP","TOT","USD_CAP","A","2022",7275.354,"P"
"BEL","HEALTHEXP","TOT","USD_CAP","A","2018",5350.974,
"BEL","HEALTHEXP","TOT","USD_CAP","A","2019",5423.676,
"BEL","HEALTHEXP","TOT","USD_CAP","A","2020",5509.054,
"BEL","HEALTHEXP","TOT","USD_CAP","A","2021",6022.253,
"BEL","HEALTHEXP","TOT","USD_CAP","A","2022",6599.981,"E"
"CAN","HEALTHEXP","TOT","USD_CAP","A","2018",5337.4,
"CAN","HEALTHEXP","TOT","USD_CAP","A","2019",5222.644,
"CAN","HEALTHEXP","TOT","USD_CAP","A","2020",5879.075,"D"
"CAN","HEALTHEXP","TOT","USD_CAP","A","2021",6277.503,
"CAN","HEALTHEXP","TOT","USD_CAP","A","2022",6319.038,
"CZE","HEALTHEXP","TOT","USD_CAP","A","2018",3128.523,
"CZE","HEALTHEXP","TOT","USD_CAP","A","2019",3272.224,
"CZE","HEALTHEXP","TOT","USD_CAP","A","2020",3804.101,
"CZE","HEALTHEXP","TOT","USD_CAP","A","2021",4302.98,
"CZE","HEALTHEXP","TOT","USD_CAP","A","2022",4498.535,"E"
"DNK","HEALTHEXP","TOT","USD_CAP","A","2018",5306.704,
"DNK","HEALTHEXP","TOT","USD_CAP","A","2019",5359.776,
"DNK","HEALTHEXP","TOT","USD_CAP","A","2020",5697.193,
"DNK","HEALTHEXP","TOT","USD_CAP","A","2021",6372.074,
"DNK","HEALTHEXP","TOT","USD_CAP","A","2022",6279.807,"P"
"FIN","HEALTHEXP","TOT","USD_CAP","A","2018",4330.443,
"FIN","HEALTHEXP","TOT","USD_CAP","A","2019",4383.634,
"FIN","HEALTHEXP","TOT","USD_CAP","A","2020",4614.556,
"FIN","HEALTHEXP","TOT","USD_CAP","A","2021",5251.501,
"FIN","HEALTHEXP","TOT","USD_CAP","A","2022",5675.711,"E"
"FRA","HEALTHEXP","TOT","USD_CAP","A","2018",5097.228,
"FRA","HEALTHEXP","TOT","USD_CAP","A","2019",5163.421,
"FRA","HEALTHEXP","TOT","USD_CAP","A","2020",5453.182,
"FRA","HEALTHEXP","TOT","USD_CAP","A","2021",6105.608,
"FRA","HEALTHEXP","TOT","USD_CAP","A","2022",6516.563,"E"
"DEU","HEALTHEXP","TOT","USD_CAP","A","2018",6290.078,
"DEU","HEALTHEXP","TOT","USD_CAP","A","2019",6418.323,
"DEU","HEALTHEXP","TOT","USD_CAP","A","2020",6945.909,
"DEU","HEALTHEXP","TOT","USD_CAP","A","2021",7518.153,
"DEU","HEALTHEXP","TOT","USD_CAP","A","2022",8010.935,"P"
"GRC","HEALTHEXP","TOT","USD_CAP","A","2018",2314.696,
"GRC","HEALTHEXP","TOT","USD_CAP","A","2019",2349.574,
"GRC","HEALTHEXP","TOT","USD_CAP","A","2020",2486.091,
"GRC","HEALTHEXP","TOT","USD_CAP","A","2021",2736.445,
"GRC","HEALTHEXP","TOT","USD_CAP","A","2022",3015.251,"E"
"HUN","HEALTHEXP","TOT","USD_CAP","A","2018",2106.896,
"HUN","HEALTHEXP","TOT","USD_CAP","A","2019",2095.186,
"HUN","HEALTHEXP","TOT","USD_CAP","A","2020",2421.807,
"HUN","HEALTHEXP","TOT","USD_CAP","A","2021",2748.683,
"HUN","HEALTHEXP","TOT","USD_CAP","A","2022",2840.101,"P"
"ISL","HEALTHEXP","TOT","USD_CAP","A","2018",4235.661,
"ISL","HEALTHEXP","TOT","USD_CAP","A","2019",4318.27,
"ISL","HEALTHEXP","TOT","USD_CAP","A","2020",4632.283,
"ISL","HEALTHEXP","TOT","USD_CAP","A","2021",5106.541,
"ISL","HEALTHEXP","TOT","USD_CAP","A","2022",5314.11,"P"
"IRL","HEALTHEXP","TOT","USD_CAP","A","2018",4876.91,
"IRL","HEALTHEXP","TOT","USD_CAP","A","2019",4976.129,
"IRL","HEALTHEXP","TOT","USD_CAP","A","2020",5378.183,
"IRL","HEALTHEXP","TOT","USD_CAP","A","2021",5860.738,
"IRL","HEALTHEXP","TOT","USD_CAP","A","2022",6046.548,"P"
"ITA","HEALTHEXP","TOT","USD_CAP","A","2018",3495.868,
"ITA","HEALTHEXP","TOT","USD_CAP","A","2019",3565.324,
"ITA","HEALTHEXP","TOT","USD_CAP","A","2020",3753.088,
"ITA","HEALTHEXP","TOT","USD_CAP","A","2021",4042.558,
"ITA","HEALTHEXP","TOT","USD_CAP","A","2022",4290.689,"P"
"JPN","HEALTHEXP","TOT","USD_CAP","A","2018",4554.276,
"JPN","HEALTHEXP","TOT","USD_CAP","A","2019",4610.794,
"JPN","HEALTHEXP","TOT","USD_CAP","A","2020",4619.518,
"JPN","HEALTHEXP","TOT","USD_CAP","A","2021",4899.088,"P"
"JPN","HEALTHEXP","TOT","USD_CAP","A","2022",5250.603,"E"
"KOR","HEALTHEXP","TOT","USD_CAP","A","2018",3067.115,
"KOR","HEALTHEXP","TOT","USD_CAP","A","2019",3290.825,
"KOR","HEALTHEXP","TOT","USD_CAP","A","2020",3590.183,
"KOR","HEALTHEXP","TOT","USD_CAP","A","2021",4189.091,
"KOR","HEALTHEXP","TOT","USD_CAP","A","2022",4569.508,"P"
"LUX","HEALTHEXP","TOT","USD_CAP","A","2018",5292.055,
"LUX","HEALTHEXP","TOT","USD_CAP","A","2019",5379.663,
"LUX","HEALTHEXP","TOT","USD_CAP","A","2020",5628.497,
"LUX","HEALTHEXP","TOT","USD_CAP","A","2021",6273.571,
"LUX","HEALTHEXP","TOT","USD_CAP","A","2022",6436.062,"P"
"MEX","HEALTHEXP","TOT","USD_CAP","A","2018",1122.178,
"MEX","HEALTHEXP","TOT","USD_CAP","A","2019",1117.235,
"MEX","HEALTHEXP","TOT","USD_CAP","A","2020",1226.606,
"MEX","HEALTHEXP","TOT","USD_CAP","A","2021",1262.436,
"MEX","HEALTHEXP","TOT","USD_CAP","A","2022",1181.041,"E"
"NLD","HEALTHEXP","TOT","USD_CAP","A","2018",5482.27,
"NLD","HEALTHEXP","TOT","USD_CAP","A","2019",5643.59,
"NLD","HEALTHEXP","TOT","USD_CAP","A","2020",6197.976,
"NLD","HEALTHEXP","TOT","USD_CAP","A","2021",6785.295,
"NLD","HEALTHEXP","TOT","USD_CAP","A","2022",7357.619,"E"
"NZL","HEALTHEXP","TOT","USD_CAP","A","2018",3913.078,"P"
"NZL","HEALTHEXP","TOT","USD_CAP","A","2019",4249.593,"E"
"NZL","HEALTHEXP","TOT","USD_CAP","A","2020",4469.383,"E"
"NZL","HEALTHEXP","TOT","USD_CAP","A","2021",4921.245,"E"
"NZL","HEALTHEXP","TOT","USD_CAP","A","2022",6060.93,"E"
"NOR","HEALTHEXP","TOT","USD_CAP","A","2018",6495.078,
"NOR","HEALTHEXP","TOT","USD_CAP","A","2019",6476.378,
"NOR","HEALTHEXP","TOT","USD_CAP","A","2020",6581.629,
"NOR","HEALTHEXP","TOT","USD_CAP","A","2021",7042.618,"P"
"NOR","HEALTHEXP","TOT","USD_CAP","A","2022",7898.034,"E"
"POL","HEALTHEXP","TOT","USD_CAP","A","2018",2106.662,
"POL","HEALTHEXP","TOT","USD_CAP","A","2019",2232.347,
"POL","HEALTHEXP","TOT","USD_CAP","A","2020",2286.109,
"POL","HEALTHEXP","TOT","USD_CAP","A","2021",2522.435,
"POL","HEALTHEXP","TOT","USD_CAP","A","2022",2972.962,"P"
"PRT","HEALTHEXP","TOT","USD_CAP","A","2018",3134.128,
"PRT","HEALTHEXP","TOT","USD_CAP","A","2019",3223.676,
"PRT","HEALTHEXP","TOT","USD_CAP","A","2020",3354.909,
"PRT","HEALTHEXP","TOT","USD_CAP","A","2021",3829.76,
"PRT","HEALTHEXP","TOT","USD_CAP","A","2022",4162.088,"P"
"SVK","HEALTHEXP","TOT","USD_CAP","A","2018",2008.975,
"SVK","HEALTHEXP","TOT","USD_CAP","A","2019",2115.452,
"SVK","HEALTHEXP","TOT","USD_CAP","A","2020",2125.666,
"SVK","HEALTHEXP","TOT","USD_CAP","A","2021",2521.59,
"SVK","HEALTHEXP","TOT","USD_CAP","A","2022",2690.785,"E"
"ESP","HEALTHEXP","TOT","USD_CAP","A","2018",3427.322,
"ESP","HEALTHEXP","TOT","USD_CAP","A","2019",3528.382,
"ESP","HEALTHEXP","TOT","USD_CAP","A","2020",3715.968,
"ESP","HEALTHEXP","TOT","USD_CAP","A","2021",4086.783,
"ESP","HEALTHEXP","TOT","USD_CAP","A","2022",4461.512,"E"
"SWE","HEALTHEXP","TOT","USD_CAP","A","2018",5419.273,
"SWE","HEALTHEXP","TOT","USD_CAP","A","2019",5387.733,
"SWE","HEALTHEXP","TOT","USD_CAP","A","2020",5733.534,
"SWE","HEALTHEXP","TOT","USD_CAP","A","2021",6227.612,"P"
"SWE","HEALTHEXP","TOT","USD_CAP","A","2022",6437.692,"P"
"CHE","HEALTHEXP","TOT","USD_CAP","A","2018",6601.596,
"CHE","HEALTHEXP","TOT","USD_CAP","A","2019",6708.349,
"CHE","HEALTHEXP","TOT","USD_CAP","A","2020",7022.378,
"CHE","HEALTHEXP","TOT","USD_CAP","A","2021",7582.184,
"CHE","HEALTHEXP","TOT","USD_CAP","A","2022",8049.11,"E"
"TUR","HEALTHEXP","TOT","USD_CAP","A","2018",1205.305,
"TUR","HEALTHEXP","TOT","USD_CAP","A","2019",1231.634,
"TUR","HEALTHEXP","TOT","USD_CAP","A","2020",1304.709,
"TUR","HEALTHEXP","TOT","USD_CAP","A","2021",1559.535,
"TUR","HEALTHEXP","TOT","USD_CAP","A","2022",1827.482,"E"
"GBR","HEALTHEXP","TOT","USD_CAP","A","2018",4188.275,
"GBR","HEALTHEXP","TOT","USD_CAP","A","2019",4389.038,
"GBR","HEALTHEXP","TOT","USD_CAP","A","2020",4997.928,
"GBR","HEALTHEXP","TOT","USD_CAP","A","2021",5466.568,
"GBR","HEALTHEXP","TOT","USD_CAP","A","2022",5492.642,"P"
"USA","HEALTHEXP","TOT","USD_CAP","A","2018",10447.293,
"USA","HEALTHEXP","TOT","USD_CAP","A","2019",10852.838,
"USA","HEALTHEXP","TOT","USD_CAP","A","2020",11915.945,
"USA","HEALTHEXP","TOT","USD_CAP","A","2021",12196.966,
"USA","HEALTHEXP","TOT","USD_CAP","A","2022",12555.264,"E"
"CHL","HEALTHEXP","TOT","USD_CAP","A","2018",2281.148,
"CHL","HEALTHEXP","TOT","USD_CAP","A","2019",2296.988,
"CHL","HEALTHEXP","TOT","USD_CAP","A","2020",2417.384,
"CHL","HEALTHEXP","TOT","USD_CAP","A","2021",2665,
"CHL","HEALTHEXP","TOT","USD_CAP","A","2022",2699.394,"P"
"EST","HEALTHEXP","TOT","USD_CAP","A","2018",2364.073,
"EST","HEALTHEXP","TOT","USD_CAP","A","2019",2453.074,
"EST","HEALTHEXP","TOT","USD_CAP","A","2020",2731.011,
"EST","HEALTHEXP","TOT","USD_CAP","A","2021",3083.38,
"EST","HEALTHEXP","TOT","USD_CAP","A","2022",3091.401,"P"
"ISR","HEALTHEXP","TOT","USD_CAP","A","2018",2748.975,
"ISR","HEALTHEXP","TOT","USD_CAP","A","2019",2709.984,
"ISR","HEALTHEXP","TOT","USD_CAP","A","2020",2875.281,"P"
"ISR","HEALTHEXP","TOT","USD_CAP","A","2021",3258.018,
"ISR","HEALTHEXP","TOT","USD_CAP","A","2022",3444.392,"E"
"SVN","HEALTHEXP","TOT","USD_CAP","A","2018",3045.106,
"SVN","HEALTHEXP","TOT","USD_CAP","A","2019",3221.895,
"SVN","HEALTHEXP","TOT","USD_CAP","A","2020",3474.147,
"SVN","HEALTHEXP","TOT","USD_CAP","A","2021",3884.819,
"SVN","HEALTHEXP","TOT","USD_CAP","A","2022",4113.818,"P"
"BRA","HEALTHEXP","TOT","USD_CAP","A","2018",1437.449,
"BRA","HEALTHEXP","TOT","USD_CAP","A","2019",1497.734,
"BRA","HEALTHEXP","TOT","USD_CAP","A","2020",1572.708,
"CHN","HEALTHEXP","TOT","USD_CAP","A","2018",816.619,
"CHN","HEALTHEXP","TOT","USD_CAP","A","2019",901.854,
"CHN","HEALTHEXP","TOT","USD_CAP","A","2020",978.788,
"COL","HEALTHEXP","TOT","USD_CAP","A","2018",1191.885,
"COL","HEALTHEXP","TOT","USD_CAP","A","2019",1239.66,
"COL","HEALTHEXP","TOT","USD_CAP","A","2020",1293.223,
"COL","HEALTHEXP","TOT","USD_CAP","A","2021",1532.348,
"COL","HEALTHEXP","TOT","USD_CAP","A","2022",1639.872,"E"
"IND","HEALTHEXP","TOT","USD_CAP","A","2018",205.465,
"IND","HEALTHEXP","TOT","USD_CAP","A","2019",219.575,
"IND","HEALTHEXP","TOT","USD_CAP","A","2020",211.953,
"IDN","HEALTHEXP","TOT","USD_CAP","A","2018",337.647,
"IDN","HEALTHEXP","TOT","USD_CAP","A","2019",356.262,
"IDN","HEALTHEXP","TOT","USD_CAP","A","2020",404.965,
"LVA","HEALTHEXP","TOT","USD_CAP","A","2018",1860.969,
"LVA","HEALTHEXP","TOT","USD_CAP","A","2019",2025.57,
"LVA","HEALTHEXP","TOT","USD_CAP","A","2020",2227.896,
"LVA","HEALTHEXP","TOT","USD_CAP","A","2021",3121.643,
"LVA","HEALTHEXP","TOT","USD_CAP","A","2022",3445.296,"E"
"LTU","HEALTHEXP","TOT","USD_CAP","A","2018",2396.809,
"LTU","HEALTHEXP","TOT","USD_CAP","A","2019",2682.067,
"LTU","HEALTHEXP","TOT","USD_CAP","A","2020",2878.482,
"LTU","HEALTHEXP","TOT","USD_CAP","A","2021",3336.477,
"LTU","HEALTHEXP","TOT","USD_CAP","A","2022",3587.327,"P"
"ZAF","HEALTHEXP","TOT","USD_CAP","A","2018",1192.289,
"ZAF","HEALTHEXP","TOT","USD_CAP","A","2019",1222.202,
"ZAF","HEALTHEXP","TOT","USD_CAP","A","2020",1183.846,
"CRI","HEALTHEXP","TOT","USD_CAP","A","2018",1529.721,"B"
"CRI","HEALTHEXP","TOT","USD_CAP","A","2019",1556.168,
"CRI","HEALTHEXP","TOT","USD_CAP","A","2020",1617.823,
"CRI","HEALTHEXP","TOT","USD_CAP","A","2021",1670.558,
"CRI","HEALTHEXP","TOT","USD_CAP","A","2022",1658.141,"E"
"BGR","HEALTHEXP","TOT","USD_CAP","A","2018",1766.905,
"BGR","HEALTHEXP","TOT","USD_CAP","A","2019",1795.621,
"BGR","HEALTHEXP","TOT","USD_CAP","A","2020",2122.982,
"BGR","HEALTHEXP","TOT","USD_CAP","A","2021",2479.297,
"HRV","HEALTHEXP","TOT","USD_CAP","A","2018",1882.167,
"HRV","HEALTHEXP","TOT","USD_CAP","A","2019",2043.652,
"HRV","HEALTHEXP","TOT","USD_CAP","A","2020",2158.935,
"HRV","HEALTHEXP","TOT","USD_CAP","A","2021",2605.581,
"CYP","HEALTHEXP","TOT","USD_CAP","A","2018",2615.209,
"CYP","HEALTHEXP","TOT","USD_CAP","A","2019",2783.252,
"CYP","HEALTHEXP","TOT","USD_CAP","A","2020",3120.853,
"CYP","HEALTHEXP","TOT","USD_CAP","A","2021",3860.134,"P"
"MLT","HEALTHEXP","TOT","USD_CAP","A","2018",3771.99,
"MLT","HEALTHEXP","TOT","USD_CAP","A","2019",4154.13,
"MLT","HEALTHEXP","TOT","USD_CAP","A","2020",4315.813,
"ROU","HEALTHEXP","TOT","USD_CAP","A","2018",1659.316,
"ROU","HEALTHEXP","TOT","USD_CAP","A","2019",1844.269,
"ROU","HEALTHEXP","TOT","USD_CAP","A","2020",2051.588,
"ROU","HEALTHEXP","TOT","USD_CAP","A","2021",2384.52,
"AUS","HEALTHEXP","COMPULSORY","USD_CAP","A","2018",3609.536,
"AUS","HEALTHEXP","COMPULSORY","USD_CAP","A","2019",3685.634,
"AUS","HEALTHEXP","COMPULSORY","USD_CAP","A","2020",4093.631,
"AUS","HEALTHEXP","COMPULSORY","USD_CAP","A","2021",4587.565,"E"
"AUS","HEALTHEXP","COMPULSORY","USD_CAP","A","2022",4827.328,"E"
"AUS","HEALTHEXP","VOLUNTARY","USD_CAP","A","2018",1581.351,
"AUS","HEALTHEXP","VOLUNTARY","USD_CAP","A","2019",1441.019,
"AUS","HEALTHEXP","VOLUNTARY","USD_CAP","A","2020",1598.771,
"AUS","HEALTHEXP","VOLUNTARY","USD_CAP","A","2021",1637.971,"E"
"AUS","HEALTHEXP","VOLUNTARY","USD_CAP","A","2022",1769.138,"E"
"AUT","HEALTHEXP","COMPULSORY","USD_CAP","A","2018",4120.625,
"AUT","HEALTHEXP","COMPULSORY","USD_CAP","A","2019",4222.821,
"AUT","HEALTHEXP","COMPULSORY","USD_CAP","A","2020",4504.759,
"AUT","HEALTHEXP","COMPULSORY","USD_CAP","A","2021",5241.151,
"AUT","HEALTHEXP","COMPULSORY","USD_CAP","A","2022",5663.7,"P"
"AUT","HEALTHEXP","VOLUNTARY","USD_CAP","A","2018",1397.913,
"AUT","HEALTHEXP","VOLUNTARY","USD_CAP","A","2019",1402.62,"D"
"AUT","HEALTHEXP","VOLUNTARY","USD_CAP","A","2020",1358.905,"D"
"AUT","HEALTHEXP","VOLUNTARY","USD_CAP","A","2021",1448.942,"D"
"AUT","HEALTHEXP","VOLUNTARY","USD_CAP","A","2022",1611.654,"P"
"BEL","HEALTHEXP","COMPULSORY","USD_CAP","A","2018",4100.433,
"BEL","HEALTHEXP","COMPULSORY","USD_CAP","A","2019",4081.614,
"BEL","HEALTHEXP","COMPULSORY","USD_CAP","A","2020",4292.961,
"BEL","HEALTHEXP","COMPULSORY","USD_CAP","A","2021",4674.031,
"BEL","HEALTHEXP","COMPULSORY","USD_CAP","A","2022",5057.595,"E"
"BEL","HEALTHEXP","VOLUNTARY","USD_CAP","A","2018",1250.541,
"BEL","HEALTHEXP","VOLUNTARY","USD_CAP","A","2019",1342.062,
"BEL","HEALTHEXP","VOLUNTARY","USD_CAP","A","2020",1216.093,
"BEL","HEALTHEXP","VOLUNTARY","USD_CAP","A","2021",1348.222,
"BEL","HEALTHEXP","VOLUNTARY","USD_CAP","A","2022",1542.386,"E"
"CAN","HEALTHEXP","COMPULSORY","USD_CAP","A","2018",3719.369,
"CAN","HEALTHEXP","COMPULSORY","USD_CAP","A","2019",3630.292,
"CAN","HEALTHEXP","COMPULSORY","USD_CAP","A","2020",4332.676,
"CAN","HEALTHEXP","COMPULSORY","USD_CAP","A","2021",4577.51,"P"
"CAN","HEALTHEXP","COMPULSORY","USD_CAP","A","2022",4506.145,"P"
"CAN","HEALTHEXP","VOLUNTARY","USD_CAP","A","2018",1618.031,
"CAN","HEALTHEXP","VOLUNTARY","USD_CAP","A","2019",1592.351,
"CAN","HEALTHEXP","VOLUNTARY","USD_CAP","A","2020",1546.399,
"CAN","HEALTHEXP","VOLUNTARY","USD_CAP","A","2021",1699.993,"P"
"CAN","HEALTHEXP","VOLUNTARY","USD_CAP","A","2022",1812.893,"P"
"CZE","HEALTHEXP","COMPULSORY","USD_CAP","A","2018",2655.449,
"CZE","HEALTHEXP","COMPULSORY","USD_CAP","A","2019",2780.961,
"CZE","HEALTHEXP","COMPULSORY","USD_CAP","A","2020",3336.273,
"CZE","HEALTHEXP","COMPULSORY","USD_CAP","A","2021",3718.546,
"CZE","HEALTHEXP","COMPULSORY","USD_CAP","A","2022",3837.221,"E"
"CZE","HEALTHEXP","VOLUNTARY","USD_CAP","A","2018",473.074,
"CZE","HEALTHEXP","VOLUNTARY","USD_CAP","A","2019",491.263,
"CZE","HEALTHEXP","VOLUNTARY","USD_CAP","A","2020",467.829,
"CZE","HEALTHEXP","VOLUNTARY","USD_CAP","A","2021",584.434,
"CZE","HEALTHEXP","VOLUNTARY","USD_CAP","A","2022",661.313,"E"
"DNK","HEALTHEXP","COMPULSORY","USD_CAP","A","2018",4444.355,
"DNK","HEALTHEXP","COMPULSORY","USD_CAP","A","2019",4486.639,
"DNK","HEALTHEXP","COMPULSORY","USD_CAP","A","2020",4828.686,
"DNK","HEALTHEXP","COMPULSORY","USD_CAP","A","2021",5429.407,
"DNK","HEALTHEXP","COMPULSORY","USD_CAP","A","2022",5324.07,"P"
"DNK","HEALTHEXP","VOLUNTARY","USD_CAP","A","2018",862.35,
"DNK","HEALTHEXP","VOLUNTARY","USD_CAP","A","2019",873.137,
"DNK","HEALTHEXP","VOLUNTARY","USD_CAP","A","2020",868.507,
"DNK","HEALTHEXP","VOLUNTARY","USD_CAP","A","2021",942.667,
"DNK","HEALTHEXP","VOLUNTARY","USD_CAP","A","2022",955.737,"P"
"FIN","HEALTHEXP","COMPULSORY","USD_CAP","A","2018",3332.537,
"FIN","HEALTHEXP","COMPULSORY","USD_CAP","A","2019",3413.665,
"FIN","HEALTHEXP","COMPULSORY","USD_CAP","A","2020",3648.239,
"FIN","HEALTHEXP","COMPULSORY","USD_CAP","A","2021",4189.524,
"FIN","HEALTHEXP","COMPULSORY","USD_CAP","A","2022",4505.373,"E"
"FIN","HEALTHEXP","VOLUNTARY","USD_CAP","A","2018",997.906,
"FIN","HEALTHEXP","VOLUNTARY","USD_CAP","A","2019",969.969,
"FIN","HEALTHEXP","VOLUNTARY","USD_CAP","A","2020",966.32,
"FIN","HEALTHEXP","VOLUNTARY","USD_CAP","A","2021",1061.979,
"FIN","HEALTHEXP","VOLUNTARY","USD_CAP","A","2022",1170.338,"E"
"FRA","HEALTHEXP","COMPULSORY","USD_CAP","A","2018",4248.721,
"FRA","HEALTHEXP","COMPULSORY","USD_CAP","A","2019",4314.384,
"FRA","HEALTHEXP","COMPULSORY","USD_CAP","A","2020",4624.228,
"FRA","HEALTHEXP","COMPULSORY","USD_CAP","A","2021",5177.946,
"FRA","HEALTHEXP","COMPULSORY","USD_CAP","A","2022",5510.237,"E"
"FRA","HEALTHEXP","VOLUNTARY","USD_CAP","A","2018",848.507,
"FRA","HEALTHEXP","VOLUNTARY","USD_CAP","A","2019",849.037,
"FRA","HEALTHEXP","VOLUNTARY","USD_CAP","A","2020",828.954,
"FRA","HEALTHEXP","VOLUNTARY","USD_CAP","A","2021",927.661,
"FRA","HEALTHEXP","VOLUNTARY","USD_CAP","A","2022",1006.327,"E"
"DEU","HEALTHEXP","COMPULSORY","USD_CAP","A","2018",5290.997,
"DEU","HEALTHEXP","COMPULSORY","USD_CAP","A","2019",5389.886,
"DEU","HEALTHEXP","COMPULSORY","USD_CAP","A","2020",5910.842,
"DEU","HEALTHEXP","COMPULSORY","USD_CAP","A","2021",6424.421,
"DEU","HEALTHEXP","COMPULSORY","USD_CAP","A","2022",6929.641,"P"
"DEU","HEALTHEXP","VOLUNTARY","USD_CAP","A","2018",999.097,
"DEU","HEALTHEXP","VOLUNTARY","USD_CAP","A","2019",1028.452,
"DEU","HEALTHEXP","VOLUNTARY","USD_CAP","A","2020",1035.066,
"DEU","HEALTHEXP","VOLUNTARY","USD_CAP","A","2021",1093.731,
"DEU","HEALTHEXP","VOLUNTARY","USD_CAP","A","2022",1081.294,"P"
"GRC","HEALTHEXP","COMPULSORY","USD_CAP","A","2018",1370.67,
"GRC","HEALTHEXP","COMPULSORY","USD_CAP","A","2019",1445.289,
"GRC","HEALTHEXP","COMPULSORY","USD_CAP","A","2020",1537.205,
"GRC","HEALTHEXP","COMPULSORY","USD_CAP","A","2021",1699.982,
"GRC","HEALTHEXP","COMPULSORY","USD_CAP","A","2022",1785.425,"E"
"GRC","HEALTHEXP","VOLUNTARY","USD_CAP","A","2018",940.941,
"GRC","HEALTHEXP","VOLUNTARY","USD_CAP","A","2019",901.188,
"GRC","HEALTHEXP","VOLUNTARY","USD_CAP","A","2020",945.123,
"GRC","HEALTHEXP","VOLUNTARY","USD_CAP","A","2021",1032.836,
"GRC","HEALTHEXP","VOLUNTARY","USD_CAP","A","2022",1229.825,"E"
"HUN","HEALTHEXP","COMPULSORY","USD_CAP","A","2018",1465.376,
"HUN","HEALTHEXP","COMPULSORY","USD_CAP","A","2019",1438.796,
"HUN","HEALTHEXP","COMPULSORY","USD_CAP","A","2020",1714.458,
"HUN","HEALTHEXP","COMPULSORY","USD_CAP","A","2021",1991.498,
"HUN","HEALTHEXP","COMPULSORY","USD_CAP","A","2022",2054.945,"P"
"HUN","HEALTHEXP","VOLUNTARY","USD_CAP","A","2018",641.52,
"HUN","HEALTHEXP","VOLUNTARY","USD_CAP","A","2019",656.39,
"HUN","HEALTHEXP","VOLUNTARY","USD_CAP","A","2020",707.349,
"HUN","HEALTHEXP","VOLUNTARY","USD_CAP","A","2021",757.186,
"HUN","HEALTHEXP","VOLUNTARY","USD_CAP","A","2022",785.156,
"ISL","HEALTHEXP","COMPULSORY","USD_CAP","A","2018",3489.393,
"ISL","HEALTHEXP","COMPULSORY","USD_CAP","A","2019",3575.387,
"ISL","HEALTHEXP","COMPULSORY","USD_CAP","A","2020",3859.854,
"ISL","HEALTHEXP","COMPULSORY","USD_CAP","A","2021",4272.537,
"ISL","HEALTHEXP","COMPULSORY","USD_CAP","A","2022",4425.111,"P"
"ISL","HEALTHEXP","VOLUNTARY","USD_CAP","A","2018",746.268,
"ISL","HEALTHEXP","VOLUNTARY","USD_CAP","A","2019",742.882,
"ISL","HEALTHEXP","VOLUNTARY","USD_CAP","A","2020",772.429,
"ISL","HEALTHEXP","VOLUNTARY","USD_CAP","A","2021",834.004,
"ISL","HEALTHEXP","VOLUNTARY","USD_CAP","A","2022",888.999,"P"
"IRL","HEALTHEXP","COMPULSORY","USD_CAP","A","2018",3610.517,
"IRL","HEALTHEXP","COMPULSORY","USD_CAP","A","2019",3694.715,
"IRL","HEALTHEXP","COMPULSORY","USD_CAP","A","2020",4196.834,
"IRL","HEALTHEXP","COMPULSORY","USD_CAP","A","2021",4536.042,
"IRL","HEALTHEXP","COMPULSORY","USD_CAP","A","2022",4677.63,"P"
"IRL","HEALTHEXP","VOLUNTARY","USD_CAP","A","2018",1266.392,
"IRL","HEALTHEXP","VOLUNTARY","USD_CAP","A","2019",1281.414,
"IRL","HEALTHEXP","VOLUNTARY","USD_CAP","A","2020",1181.35,
"IRL","HEALTHEXP","VOLUNTARY","USD_CAP","A","2021",1324.697,
"IRL","HEALTHEXP","VOLUNTARY","USD_CAP","A","2022",1368.918,"P"
"ITA","HEALTHEXP","COMPULSORY","USD_CAP","A","2018",2582.087,
"ITA","HEALTHEXP","COMPULSORY","USD_CAP","A","2019",2629.244,
"ITA","HEALTHEXP","COMPULSORY","USD_CAP","A","2020",2849.558,
"ITA","HEALTHEXP","COMPULSORY","USD_CAP","A","2021",3050.576,
"ITA","HEALTHEXP","COMPULSORY","USD_CAP","A","2022",3254.559,"P"
"ITA","HEALTHEXP","VOLUNTARY","USD_CAP","A","2018",913.781,
"ITA","HEALTHEXP","VOLUNTARY","USD_CAP","A","2019",936.08,
"ITA","HEALTHEXP","VOLUNTARY","USD_CAP","A","2020",903.53,
"ITA","HEALTHEXP","VOLUNTARY","USD_CAP","A","2021",991.982,
"ITA","HEALTHEXP","VOLUNTARY","USD_CAP","A","2022",1036.129,"P"
"JPN","HEALTHEXP","COMPULSORY","USD_CAP","A","2018",3815.16,
"JPN","HEALTHEXP","COMPULSORY","USD_CAP","A","2019",3871.405,
"JPN","HEALTHEXP","COMPULSORY","USD_CAP","A","2020",3920.04,
"JPN","HEALTHEXP","COMPULSORY","USD_CAP","A","2021",4197.896,"P"
"JPN","HEALTHEXP","COMPULSORY","USD_CAP","A","2022",4491.127,"E"
"JPN","HEALTHEXP","VOLUNTARY","USD_CAP","A","2018",739.116,
"JPN","HEALTHEXP","VOLUNTARY","USD_CAP","A","2019",739.389,
"JPN","HEALTHEXP","VOLUNTARY","USD_CAP","A","2020",699.478,
"JPN","HEALTHEXP","VOLUNTARY","USD_CAP","A","2021",701.192,"P"
"JPN","HEALTHEXP","VOLUNTARY","USD_CAP","A","2022",759.476,"E"
"KOR","HEALTHEXP","COMPULSORY","USD_CAP","A","2018",1805.887,
"KOR","HEALTHEXP","COMPULSORY","USD_CAP","A","2019",1954.558,
"KOR","HEALTHEXP","COMPULSORY","USD_CAP","A","2020",2203.112,
"KOR","HEALTHEXP","COMPULSORY","USD_CAP","A","2021",2610.402,
"KOR","HEALTHEXP","COMPULSORY","USD_CAP","A","2022",2864.77,"P"
"KOR","HEALTHEXP","VOLUNTARY","USD_CAP","A","2018",1261.228,
"KOR","HEALTHEXP","VOLUNTARY","USD_CAP","A","2019",1336.267,
"KOR","HEALTHEXP","VOLUNTARY","USD_CAP","A","2020",1387.07,
"KOR","HEALTHEXP","VOLUNTARY","USD_CAP","A","2021",1578.689,
"KOR","HEALTHEXP","VOLUNTARY","USD_CAP","A","2022",1704.738,"P"
"LUX","HEALTHEXP","COMPULSORY","USD_CAP","A","2018",4449.363,
"LUX","HEALTHEXP","COMPULSORY","USD_CAP","A","2019",4570.573,
"LUX","HEALTHEXP","COMPULSORY","USD_CAP","A","2020",4865.003,
"LUX","HEALTHEXP","COMPULSORY","USD_CAP","A","2021",5397.426,
"LUX","HEALTHEXP","COMPULSORY","USD_CAP","A","2022",5526.961,"P"
"LUX","HEALTHEXP","VOLUNTARY","USD_CAP","A","2018",767.952,
"LUX","HEALTHEXP","VOLUNTARY","USD_CAP","A","2019",737.466,
"LUX","HEALTHEXP","VOLUNTARY","USD_CAP","A","2020",693.5,
"LUX","HEALTHEXP","VOLUNTARY","USD_CAP","A","2021",803.022,
"LUX","HEALTHEXP","VOLUNTARY","USD_CAP","A","2022",835.017,"P"
"MEX","HEALTHEXP","COMPULSORY","USD_CAP","A","2018",556.918,
"MEX","HEALTHEXP","COMPULSORY","USD_CAP","A","2019",549.314,
"MEX","HEALTHEXP","COMPULSORY","USD_CAP","A","2020",648.91,
"MEX","HEALTHEXP","COMPULSORY","USD_CAP","A","2021",633.856,
"MEX","HEALTHEXP","COMPULSORY","USD_CAP","A","2022",626.225,"E"
"MEX","HEALTHEXP","VOLUNTARY","USD_CAP","A","2018",565.26,
"MEX","HEALTHEXP","VOLUNTARY","USD_CAP","A","2019",567.921,
"MEX","HEALTHEXP","VOLUNTARY","USD_CAP","A","2020",577.696,
"MEX","HEALTHEXP","VOLUNTARY","USD_CAP","A","2021",628.581,
"MEX","HEALTHEXP","VOLUNTARY","USD_CAP","A","2022",554.816,"E"
"NLD","HEALTHEXP","COMPULSORY","USD_CAP","A","2018",4501.226,
"NLD","HEALTHEXP","COMPULSORY","USD_CAP","A","2019",4673.022,
"NLD","HEALTHEXP","COMPULSORY","USD_CAP","A","2020",5265.89,
"NLD","HEALTHEXP","COMPULSORY","USD_CAP","A","2021",5765.778,
"NLD","HEALTHEXP","COMPULSORY","USD_CAP","A","2022",6186.382,"E"
"NLD","HEALTHEXP","VOLUNTARY","USD_CAP","A","2018",981.045,
"NLD","HEALTHEXP","VOLUNTARY","USD_CAP","A","2019",970.569,
"NLD","HEALTHEXP","VOLUNTARY","USD_CAP","A","2020",932.086,
"NLD","HEALTHEXP","VOLUNTARY","USD_CAP","A","2021",1019.447,
"NLD","HEALTHEXP","VOLUNTARY","USD_CAP","A","2022",1171.237,"E"
"NZL","HEALTHEXP","COMPULSORY","USD_CAP","A","2018",3100.079,"P"
"NZL","HEALTHEXP","COMPULSORY","USD_CAP","A","2019",3384.117,"E"
"NZL","HEALTHEXP","COMPULSORY","USD_CAP","A","2020",3579.892,"E"
"NZL","HEALTHEXP","COMPULSORY","USD_CAP","A","2021",3952.711,"E"
"NZL","HEALTHEXP","COMPULSORY","USD_CAP","A","2022",4968.721,"E"
"NZL","HEALTHEXP","VOLUNTARY","USD_CAP","A","2018",812.999,"P"
"NZL","HEALTHEXP","VOLUNTARY","USD_CAP","A","2019",865.477,"E"
"NZL","HEALTHEXP","VOLUNTARY","USD_CAP","A","2020",889.49,"E"
"NZL","HEALTHEXP","VOLUNTARY","USD_CAP","A","2021",968.533,"E"
"NZL","HEALTHEXP","VOLUNTARY","USD_CAP","A","2022",1092.209,"E"
"NOR","HEALTHEXP","COMPULSORY","USD_CAP","A","2018",5566.509,
"NOR","HEALTHEXP","COMPULSORY","USD_CAP","A","2019",5551.351,
"NOR","HEALTHEXP","COMPULSORY","USD_CAP","A","2020",5641.604,
"NOR","HEALTHEXP","COMPULSORY","USD_CAP","A","2021",6025.543,"P"
"NOR","HEALTHEXP","COMPULSORY","USD_CAP","A","2022",6711.357,"E"
"NOR","HEALTHEXP","VOLUNTARY","USD_CAP","A","2018",928.569,
"NOR","HEALTHEXP","VOLUNTARY","USD_CAP","A","2019",925.027,
"NOR","HEALTHEXP","VOLUNTARY","USD_CAP","A","2020",940.025,
"NOR","HEALTHEXP","VOLUNTARY","USD_CAP","A","2021",1017.075,"P"
"NOR","HEALTHEXP","VOLUNTARY","USD_CAP","A","2022",1186.677,"E"
"POL","HEALTHEXP","COMPULSORY","USD_CAP","A","2018",1506.142,
"POL","HEALTHEXP","COMPULSORY","USD_CAP","A","2019",1602.31,
"POL","HEALTHEXP","COMPULSORY","USD_CAP","A","2020",1652.078,
"POL","HEALTHEXP","COMPULSORY","USD_CAP","A","2021",1827.855,
"POL","HEALTHEXP","COMPULSORY","USD_CAP","A","2022",2226.635,"P"
"POL","HEALTHEXP","VOLUNTARY","USD_CAP","A","2018",600.519,
"POL","HEALTHEXP","VOLUNTARY","USD_CAP","A","2019",630.037,
"POL","HEALTHEXP","VOLUNTARY","USD_CAP","A","2020",634.031,
"POL","HEALTHEXP","VOLUNTARY","USD_CAP","A","2021",694.581,
"POL","HEALTHEXP","VOLUNTARY","USD_CAP","A","2022",746.327,"P"
"PRT","HEALTHEXP","COMPULSORY","USD_CAP","A","2018",1918.957,
"PRT","HEALTHEXP","COMPULSORY","USD_CAP","A","2019",1961.577,
"PRT","HEALTHEXP","COMPULSORY","USD_CAP","A","2020",2157.113,
"PRT","HEALTHEXP","COMPULSORY","USD_CAP","A","2021",2420.692,
"PRT","HEALTHEXP","COMPULSORY","USD_CAP","A","2022",2640.476,"P"
"PRT","HEALTHEXP","VOLUNTARY","USD_CAP","A","2018",1215.172,
"PRT","HEALTHEXP","VOLUNTARY","USD_CAP","A","2019",1262.099,
"PRT","HEALTHEXP","VOLUNTARY","USD_CAP","A","2020",1197.797,
"PRT","HEALTHEXP","VOLUNTARY","USD_CAP","A","2021",1409.068,
"PRT","HEALTHEXP","VOLUNTARY","USD_CAP","A","2022",1521.612,"P"
"SVK","HEALTHEXP","COMPULSORY","USD_CAP","A","2018",1609.868,
"SVK","HEALTHEXP","COMPULSORY","USD_CAP","A","2019",1687.991,
"SVK","HEALTHEXP","COMPULSORY","USD_CAP","A","2020",1706.301,
"SVK","HEALTHEXP","COMPULSORY","USD_CAP","A","2021",2010.58,
"SVK","HEALTHEXP","COMPULSORY","USD_CAP","A","2022",2145.007,"E"
"SVK","HEALTHEXP","VOLUNTARY","USD_CAP","A","2018",399.106,
"SVK","HEALTHEXP","VOLUNTARY","USD_CAP","A","2019",427.461,
"SVK","HEALTHEXP","VOLUNTARY","USD_CAP","A","2020",419.365,
"SVK","HEALTHEXP","VOLUNTARY","USD_CAP","A","2021",511.01,
"SVK","HEALTHEXP","VOLUNTARY","USD_CAP","A","2022",545.777,"E"
"ESP","HEALTHEXP","COMPULSORY","USD_CAP","A","2018",2406.813,
"ESP","HEALTHEXP","COMPULSORY","USD_CAP","A","2019",2489.202,
"ESP","HEALTHEXP","COMPULSORY","USD_CAP","A","2020",2718.031,
"ESP","HEALTHEXP","COMPULSORY","USD_CAP","A","2021",2926.323,
"ESP","HEALTHEXP","COMPULSORY","USD_CAP","A","2022",3142.409,"E"
"ESP","HEALTHEXP","VOLUNTARY","USD_CAP","A","2018",1020.509,
"ESP","HEALTHEXP","VOLUNTARY","USD_CAP","A","2019",1039.18,
"ESP","HEALTHEXP","VOLUNTARY","USD_CAP","A","2020",997.937,
"ESP","HEALTHEXP","VOLUNTARY","USD_CAP","A","2021",1160.46,
"ESP","HEALTHEXP","VOLUNTARY","USD_CAP","A","2022",1319.103,"E"
"SWE","HEALTHEXP","COMPULSORY","USD_CAP","A","2018",4594.71,
"SWE","HEALTHEXP","COMPULSORY","USD_CAP","A","2019",4586.261,
"SWE","HEALTHEXP","COMPULSORY","USD_CAP","A","2020",4941.134,
"SWE","HEALTHEXP","COMPULSORY","USD_CAP","A","2021",5350.93,"P"
"SWE","HEALTHEXP","COMPULSORY","USD_CAP","A","2022",5524.902,"P"
"SWE","HEALTHEXP","VOLUNTARY","USD_CAP","A","2018",824.563,
"SWE","HEALTHEXP","VOLUNTARY","USD_CAP","A","2019",801.471,
"SWE","HEALTHEXP","VOLUNTARY","USD_CAP","A","2020",792.4,
"SWE","HEALTHEXP","VOLUNTARY","USD_CAP","A","2021",876.683,"P"
"SWE","HEALTHEXP","VOLUNTARY","USD_CAP","A","2022",912.79,"P"
"CHE","HEALTHEXP","COMPULSORY","USD_CAP","A","2018",4366.709,
"CHE","HEALTHEXP","COMPULSORY","USD_CAP","A","2019",4443.132,
"CHE","HEALTHEXP","COMPULSORY","USD_CAP","A","2020",4750.437,
"CHE","HEALTHEXP","COMPULSORY","USD_CAP","A","2021",5135.202,
"CHE","HEALTHEXP","COMPULSORY","USD_CAP","A","2022",5547.311,"E"
"CHE","HEALTHEXP","VOLUNTARY","USD_CAP","A","2018",2128.59,
"CHE","HEALTHEXP","VOLUNTARY","USD_CAP","A","2019",2186.916,
"CHE","HEALTHEXP","VOLUNTARY","USD_CAP","A","2020",2218.944,
"CHE","HEALTHEXP","VOLUNTARY","USD_CAP","A","2021",2338.429,
"CHE","HEALTHEXP","VOLUNTARY","USD_CAP","A","2022",2501.799,"E"
"TUR","HEALTHEXP","COMPULSORY","USD_CAP","A","2018",932.692,
"TUR","HEALTHEXP","COMPULSORY","USD_CAP","A","2019",956.799,
"TUR","HEALTHEXP","COMPULSORY","USD_CAP","A","2020",1028.703,
"TUR","HEALTHEXP","COMPULSORY","USD_CAP","A","2021",1228.942,
"TUR","HEALTHEXP","COMPULSORY","USD_CAP","A","2022",1395.047,"E"
"TUR","HEALTHEXP","VOLUNTARY","USD_CAP","A","2018",272.613,
"TUR","HEALTHEXP","VOLUNTARY","USD_CAP","A","2019",274.835,
"TUR","HEALTHEXP","VOLUNTARY","USD_CAP","A","2020",276.006,
"TUR","HEALTHEXP","VOLUNTARY","USD_CAP","A","2021",330.593,
"TUR","HEALTHEXP","VOLUNTARY","USD_CAP","A","2022",432.436,"E"
"GBR","HEALTHEXP","COMPULSORY","USD_CAP","A","2018",3322.345,
"GBR","HEALTHEXP","COMPULSORY","USD_CAP","A","2019",3479.872,
"GBR","HEALTHEXP","COMPULSORY","USD_CAP","A","2020",4151.748,
"GBR","HEALTHEXP","COMPULSORY","USD_CAP","A","2021",4538.693,
"GBR","HEALTHEXP","COMPULSORY","USD_CAP","A","2022",4478.96,"P"
"GBR","HEALTHEXP","VOLUNTARY","USD_CAP","A","2018",865.93,
"GBR","HEALTHEXP","VOLUNTARY","USD_CAP","A","2019",909.165,
"GBR","HEALTHEXP","VOLUNTARY","USD_CAP","A","2020",846.18,
"GBR","HEALTHEXP","VOLUNTARY","USD_CAP","A","2021",927.875,
"GBR","HEALTHEXP","VOLUNTARY","USD_CAP","A","2022",1013.682,"P"
"USA","HEALTHEXP","COMPULSORY","USD_CAP","A","2018",8658.983,
"USA","HEALTHEXP","COMPULSORY","USD_CAP","A","2019",8978.026,
"USA","HEALTHEXP","COMPULSORY","USD_CAP","A","2020",10076.372,
"USA","HEALTHEXP","COMPULSORY","USD_CAP","A","2021",10201.371,
"USA","HEALTHEXP","COMPULSORY","USD_CAP","A","2022",10643.652,"E"
"USA","HEALTHEXP","VOLUNTARY","USD_CAP","A","2018",1788.311,
"USA","HEALTHEXP","VOLUNTARY","USD_CAP","A","2019",1874.813,
"USA","HEALTHEXP","VOLUNTARY","USD_CAP","A","2020",1839.574,
"USA","HEALTHEXP","VOLUNTARY","USD_CAP","A","2021",1995.595,
"USA","HEALTHEXP","VOLUNTARY","USD_CAP","A","2022",1911.612,"E"
"BRA","HEALTHEXP","COMPULSORY","USD_CAP","A","2018",591.846,
"BRA","HEALTHEXP","COMPULSORY","USD_CAP","A","2019",612.209,
"BRA","HEALTHEXP","COMPULSORY","USD_CAP","A","2020",705.14,
"BRA","HEALTHEXP","VOLUNTARY","USD_CAP","A","2018",802.239,
"BRA","HEALTHEXP","VOLUNTARY","USD_CAP","A","2019",839.049,
"BRA","HEALTHEXP","VOLUNTARY","USD_CAP","A","2020",823.646,
"CHL","HEALTHEXP","COMPULSORY","USD_CAP","A","2018",1375.913,
"CHL","HEALTHEXP","COMPULSORY","USD_CAP","A","2019",1392.014,
"CHL","HEALTHEXP","COMPULSORY","USD_CAP","A","2020",1571.871,
"CHL","HEALTHEXP","COMPULSORY","USD_CAP","A","2021",1679.242,
"CHL","HEALTHEXP","COMPULSORY","USD_CAP","A","2022",1679.256,"P"
"CHL","HEALTHEXP","VOLUNTARY","USD_CAP","A","2018",905.235,
"CHL","HEALTHEXP","VOLUNTARY","USD_CAP","A","2019",904.973,
"CHL","HEALTHEXP","VOLUNTARY","USD_CAP","A","2020",845.513,
"CHL","HEALTHEXP","VOLUNTARY","USD_CAP","A","2021",985.758,
"CHL","HEALTHEXP","VOLUNTARY","USD_CAP","A","2022",1020.139,"P"
"CHN","HEALTHEXP","COMPULSORY","USD_CAP","A","2018",462.283,
"CHN","HEALTHEXP","COMPULSORY","USD_CAP","A","2019",506.022,
"CHN","HEALTHEXP","COMPULSORY","USD_CAP","A","2020",536.437,
"CHN","HEALTHEXP","VOLUNTARY","USD_CAP","A","2018",354.33,
"CHN","HEALTHEXP","VOLUNTARY","USD_CAP","A","2019",395.826,
"CHN","HEALTHEXP","VOLUNTARY","USD_CAP","A","2020",442.349,
"COL","HEALTHEXP","COMPULSORY","USD_CAP","A","2018",920.899,
"COL","HEALTHEXP","COMPULSORY","USD_CAP","A","2019",947.719,
"COL","HEALTHEXP","COMPULSORY","USD_CAP","A","2020",1001.512,
"COL","HEALTHEXP","COMPULSORY","USD_CAP","A","2021",1200.977,
"COL","HEALTHEXP","COMPULSORY","USD_CAP","A","2022",1247.765,"E"
"COL","HEALTHEXP","VOLUNTARY","USD_CAP","A","2018",270.987,
"COL","HEALTHEXP","VOLUNTARY","USD_CAP","A","2019",291.942,
"COL","HEALTHEXP","VOLUNTARY","USD_CAP","A","2020",291.711,
"COL","HEALTHEXP","VOLUNTARY","USD_CAP","A","2021",331.371,
"COL","HEALTHEXP","VOLUNTARY","USD_CAP","A","2022",392.107,"E"
"CRI","HEALTHEXP","COMPULSORY","USD_CAP","A","2018",1129.297,"B"
"CRI","HEALTHEXP","COMPULSORY","USD_CAP","A","2019",1150.589,
"CRI","HEALTHEXP","COMPULSORY","USD_CAP","A","2020",1226.253,
"CRI","HEALTHEXP","COMPULSORY","USD_CAP","A","2021",1244.093,
"CRI","HEALTHEXP","COMPULSORY","USD_CAP","A","2022",1233.567,"E"
"CRI","HEALTHEXP","VOLUNTARY","USD_CAP","A","2018",400.423,"B"
"CRI","HEALTHEXP","VOLUNTARY","USD_CAP","A","2019",405.579,
"CRI","HEALTHEXP","VOLUNTARY","USD_CAP","A","2020",391.57,
"CRI","HEALTHEXP","VOLUNTARY","USD_CAP","A","2021",426.466,
"CRI","HEALTHEXP","VOLUNTARY","USD_CAP","A","2022",424.574,"E"
"EST","HEALTHEXP","COMPULSORY","USD_CAP","A","2018",1741.731,
"EST","HEALTHEXP","COMPULSORY","USD_CAP","A","2019",1826.198,
"EST","HEALTHEXP","COMPULSORY","USD_CAP","A","2020",2105.704,
"EST","HEALTHEXP","COMPULSORY","USD_CAP","A","2021",2355.039,
"EST","HEALTHEXP","COMPULSORY","USD_CAP","A","2022",2344.949,"P"
"EST","HEALTHEXP","VOLUNTARY","USD_CAP","A","2018",622.342,
"EST","HEALTHEXP","VOLUNTARY","USD_CAP","A","2019",626.876,
"EST","HEALTHEXP","VOLUNTARY","USD_CAP","A","2020",625.308,
"EST","HEALTHEXP","VOLUNTARY","USD_CAP","A","2021",728.341,
"EST","HEALTHEXP","VOLUNTARY","USD_CAP","A","2022",746.451,"B"
"IND","HEALTHEXP","COMPULSORY","USD_CAP","A","2018",70.754,
"IND","HEALTHEXP","COMPULSORY","USD_CAP","A","2019",74.255,
"IND","HEALTHEXP","COMPULSORY","USD_CAP","A","2020",78.469,
"IND","HEALTHEXP","VOLUNTARY","USD_CAP","A","2018",134.711,
"IND","HEALTHEXP","VOLUNTARY","USD_CAP","A","2019",144.149,
"IND","HEALTHEXP","VOLUNTARY","USD_CAP","A","2020",132.182,
"IDN","HEALTHEXP","COMPULSORY","USD_CAP","A","2018",164.327,
"IDN","HEALTHEXP","COMPULSORY","USD_CAP","A","2019",174.715,
"IDN","HEALTHEXP","COMPULSORY","USD_CAP","A","2020",222.683,
"IDN","HEALTHEXP","VOLUNTARY","USD_CAP","A","2018",173.32,
"IDN","HEALTHEXP","VOLUNTARY","USD_CAP","A","2019",181.546,
"IDN","HEALTHEXP","VOLUNTARY","USD_CAP","A","2020",182.282,
"ISR","HEALTHEXP","COMPULSORY","USD_CAP","A","2018",1777.621,
"ISR","HEALTHEXP","COMPULSORY","USD_CAP","A","2019",1756.48,
"ISR","HEALTHEXP","COMPULSORY","USD_CAP","A","2020",1960.761,"P"
"ISR","HEALTHEXP","COMPULSORY","USD_CAP","A","2021",2221.245,
"ISR","HEALTHEXP","COMPULSORY","USD_CAP","A","2022",2360.358,"E"
"ISR","HEALTHEXP","VOLUNTARY","USD_CAP","A","2018",933.253,
"ISR","HEALTHEXP","VOLUNTARY","USD_CAP","A","2019",915.089,
"ISR","HEALTHEXP","VOLUNTARY","USD_CAP","A","2020",895.56,"P"
"ISR","HEALTHEXP","VOLUNTARY","USD_CAP","A","2021",1003.602,
"ISR","HEALTHEXP","VOLUNTARY","USD_CAP","A","2022",1084.035,"E"
"LVA","HEALTHEXP","COMPULSORY","USD_CAP","A","2018",1114.359,
"LVA","HEALTHEXP","COMPULSORY","USD_CAP","A","2019",1217.83,
"LVA","HEALTHEXP","COMPULSORY","USD_CAP","A","2020",1417.13,
"LVA","HEALTHEXP","COMPULSORY","USD_CAP","A","2021",2168.46,
"LVA","HEALTHEXP","COMPULSORY","USD_CAP","A","2022",2304.076,"E"
"LVA","HEALTHEXP","VOLUNTARY","USD_CAP","A","2018",746.609,
"LVA","HEALTHEXP","VOLUNTARY","USD_CAP","A","2019",807.741,
"LVA","HEALTHEXP","VOLUNTARY","USD_CAP","A","2020",810.766,
"LVA","HEALTHEXP","VOLUNTARY","USD_CAP","A","2021",953.182,
"LVA","HEALTHEXP","VOLUNTARY","USD_CAP","A","2022",1141.22,"E"
"LTU","HEALTHEXP","COMPULSORY","USD_CAP","A","2018",1610.05,
"LTU","HEALTHEXP","COMPULSORY","USD_CAP","A","2019",1780.423,
"LTU","HEALTHEXP","COMPULSORY","USD_CAP","A","2020",2019.701,
"LTU","HEALTHEXP","COMPULSORY","USD_CAP","A","2021",2287.322,
"LTU","HEALTHEXP","COMPULSORY","USD_CAP","A","2022",2459.292,"P"
"LTU","HEALTHEXP","VOLUNTARY","USD_CAP","A","2018",786.2,
"LTU","HEALTHEXP","VOLUNTARY","USD_CAP","A","2019",901.028,
"LTU","HEALTHEXP","VOLUNTARY","USD_CAP","A","2020",858.002,
"LTU","HEALTHEXP","VOLUNTARY","USD_CAP","A","2021",1048.155,
"LTU","HEALTHEXP","VOLUNTARY","USD_CAP","A","2022",1126.96,"P"
"SVN","HEALTHEXP","COMPULSORY","USD_CAP","A","2018",2217.519,
"SVN","HEALTHEXP","COMPULSORY","USD_CAP","A","2019",2345.05,
"SVN","HEALTHEXP","COMPULSORY","USD_CAP","A","2020",2541.899,
"SVN","HEALTHEXP","COMPULSORY","USD_CAP","A","2021",2864.648,
"SVN","HEALTHEXP","COMPULSORY","USD_CAP","A","2022",3055.747,"P"
"SVN","HEALTHEXP","VOLUNTARY","USD_CAP","A","2018",827.587,
"SVN","HEALTHEXP","VOLUNTARY","USD_CAP","A","2019",876.845,
"SVN","HEALTHEXP","VOLUNTARY","USD_CAP","A","2020",932.248,
"SVN","HEALTHEXP","VOLUNTARY","USD_CAP","A","2021",1020.171,
"SVN","HEALTHEXP","VOLUNTARY","USD_CAP","A","2022",1058.071,"P"
"ZAF","HEALTHEXP","COMPULSORY","USD_CAP","A","2018",559.76,
"ZAF","HEALTHEXP","COMPULSORY","USD_CAP","A","2019",585.896,
"ZAF","HEALTHEXP","COMPULSORY","USD_CAP","A","2020",603.046,
"ZAF","HEALTHEXP","VOLUNTARY","USD_CAP","A","2018",632.53,
"ZAF","HEALTHEXP","VOLUNTARY","USD_CAP","A","2019",636.306,
"ZAF","HEALTHEXP","VOLUNTARY","USD_CAP","A","2020",580.8,
"BGR","HEALTHEXP","COMPULSORY","USD_CAP","A","2018",1043.881,
"BGR","HEALTHEXP","COMPULSORY","USD_CAP","A","2019",1087.97,
"BGR","HEALTHEXP","COMPULSORY","USD_CAP","A","2020",1339.922,
"BGR","HEALTHEXP","COMPULSORY","USD_CAP","A","2021",1604.146,
"BGR","HEALTHEXP","VOLUNTARY","USD_CAP","A","2018",723.024,
"BGR","HEALTHEXP","VOLUNTARY","USD_CAP","A","2019",707.651,
"BGR","HEALTHEXP","VOLUNTARY","USD_CAP","A","2020",783.06,
"BGR","HEALTHEXP","VOLUNTARY","USD_CAP","A","2021",875.151,
"HRV","HEALTHEXP","COMPULSORY","USD_CAP","A","2018",1543.43,
"HRV","HEALTHEXP","COMPULSORY","USD_CAP","A","2019",1673.9,
"HRV","HEALTHEXP","COMPULSORY","USD_CAP","A","2020",1817.666,
"HRV","HEALTHEXP","COMPULSORY","USD_CAP","A","2021",2227.836,
"HRV","HEALTHEXP","VOLUNTARY","USD_CAP","A","2018",2552.215,
"HRV","HEALTHEXP","VOLUNTARY","USD_CAP","A","2019",2785.895,
"HRV","HEALTHEXP","VOLUNTARY","USD_CAP","A","2020",341.268,
"HRV","HEALTHEXP","VOLUNTARY","USD_CAP","A","2021",377.745,
"CYP","HEALTHEXP","COMPULSORY","USD_CAP","A","2018",1099.073,
"CYP","HEALTHEXP","COMPULSORY","USD_CAP","A","2019",1508.425,
"CYP","HEALTHEXP","COMPULSORY","USD_CAP","A","2020",2336.187,
"CYP","HEALTHEXP","COMPULSORY","USD_CAP","A","2021",3292.174,"P"
"CYP","HEALTHEXP","VOLUNTARY","USD_CAP","A","2018",1516.137,
"CYP","HEALTHEXP","VOLUNTARY","USD_CAP","A","2019",1274.825,
"CYP","HEALTHEXP","VOLUNTARY","USD_CAP","A","2020",784.667,
"CYP","HEALTHEXP","VOLUNTARY","USD_CAP","A","2021",567.959,"P"
"MLT","HEALTHEXP","COMPULSORY","USD_CAP","A","2018",2394.376,
"MLT","HEALTHEXP","COMPULSORY","USD_CAP","A","2019",2596.762,
"MLT","HEALTHEXP","COMPULSORY","USD_CAP","A","2020",2878.32,
"MLT","HEALTHEXP","VOLUNTARY","USD_CAP","A","2018",1376.999,
"MLT","HEALTHEXP","VOLUNTARY","USD_CAP","A","2019",1557.016,
"MLT","HEALTHEXP","VOLUNTARY","USD_CAP","A","2020",1437.494,
"ROU","HEALTHEXP","COMPULSORY","USD_CAP","A","2018",1322.993,
"ROU","HEALTHEXP","COMPULSORY","USD_CAP","A","2019",1483.632,
"ROU","HEALTHEXP","COMPULSORY","USD_CAP","A","2020",1646.824,
"ROU","HEALTHEXP","COMPULSORY","USD_CAP","A","2021",1867.869,
"ROU","HEALTHEXP","VOLUNTARY","USD_CAP","A","2018",336.323,
"ROU","HEALTHEXP","VOLUNTARY","USD_CAP","A","2019",360.637,
"ROU","HEALTHEXP","VOLUNTARY","USD_CAP","A","2020",404.764,
"ROU","HEALTHEXP","VOLUNTARY","USD_CAP","A","2021",516.651,
"ARG","HEALTHEXP","TOT","USD_CAP","A","2018",2299.808,
"ARG","HEALTHEXP","TOT","USD_CAP","A","2019",2254.047,
"ARG","HEALTHEXP","TOT","USD_CAP","A","2020",2169.661,
"ARG","HEALTHEXP","COMPULSORY","USD_CAP","A","2018",1419.077,
"ARG","HEALTHEXP","COMPULSORY","USD_CAP","A","2019",1411.145,
"ARG","HEALTHEXP","COMPULSORY","USD_CAP","A","2020",1443.829,
"ARG","HEALTHEXP","VOLUNTARY","USD_CAP","A","2018",880.73,
"ARG","HEALTHEXP","VOLUNTARY","USD_CAP","A","2019",842.902,
"ARG","HEALTHEXP","VOLUNTARY","USD_CAP","A","2020",725.832,
"PER","HEALTHEXP","TOT","USD_CAP","A","2018",686.332,
"PER","HEALTHEXP","TOT","USD_CAP","A","2019",702.355,
"PER","HEALTHEXP","TOT","USD_CAP","A","2020",759.475,
"PER","HEALTHEXP","COMPULSORY","USD_CAP","A","2018",422.164,
"PER","HEALTHEXP","COMPULSORY","USD_CAP","A","2019",441.831,
"PER","HEALTHEXP","COMPULSORY","USD_CAP","A","2020",522.771,
"PER","HEALTHEXP","VOLUNTARY","USD_CAP","A","2018",264.167,
"PER","HEALTHEXP","VOLUNTARY","USD_CAP","A","2019",260.525,
"PER","HEALTHEXP","VOLUNTARY","USD_CAP","A","2020",236.704,
